designator,value,footprint,x_mm,y_mm,rotation_deg,side
C1,100nF,C_0402_1005Metric,58.0,-28.2,90.0,bottom
C2,10uF,C_0603_1608Metric,60.5,-28.2,90.0,bottom
C3,1uF,C_0603_1608Metric,60.0,-31.2,90.0,bottom
C4,100nF,C_0402_1005Metric,34.0,-28.5,90.0,bottom
C5,10uF,C_0603_1608Metric,36.5,-96.5,90.0,bottom
C6,10uF,C_0603_1608Metric,31.5,-93.5,0.0,bottom
C7,100nF,C_0402_1005Metric,64.5,-94.5,90.0,bottom
C8,1uF,C_0603_1608Metric,32.0,-78.0,0.0,bottom
C9,1uF,C_0603_1608Metric,31.9,-84.0,180.0,bottom
C10,100nF,C_0402_1005Metric,32.5,-73.5,180.0,bottom
C11,100nF,C_0402_1005Metric,35.8,-28.8,90.0,bottom
C12,100nF,C_0402_1005Metric,32.5,-59.5,180.0,bottom
C13,10uF,C_0603_1608Metric,31.2,-66.5,180.0,bottom
C14,100nF,C_0402_1005Metric,32.5,-68.5,180.0,bottom
C20,4.7uF 25V,C_0805_2012Metric,67.0,-53.0,0.0,bottom
C21,4.7uF 25V,C_0805_2012Metric,70.5,-73.2,0.0,bottom
C22,1uF 50V,C_0805_2012Metric,66.0,-77.0,0.0,bottom
C23,1uF 50V,C_0805_2012Metric,70.0,-77.0,0.0,bottom
C24,1uF 50V,C_0805_2012Metric,66.0,-80.0,0.0,bottom
C25,1uF 50V,C_0805_2012Metric,70.0,-80.0,0.0,bottom
C26,1uF 50V,C_0805_2012Metric,66.0,-83.0,0.0,bottom
C27,1uF 50V,C_0805_2012Metric,70.0,-83.0,0.0,bottom
C28,1uF 50V,C_0805_2012Metric,66.0,-86.0,0.0,bottom
D2,LMBR0530T1G,D_SOD-123,66.5,-73.2,90.0,bottom
D3,LMBR0530T1G,D_SOD-123,70.5,-68.0,90.0,bottom
D4,LMBR0530T1G,D_SOD-123,66.5,-68.0,90.0,bottom
J1,TYPE-C-31-M-12,USB-C_SMD-TYPE-C-31-M-12_1,26.0,-100.5,0.0,bottom
J2,FH12-24S-0.5SH(55),Hirose_FH12-24S-0.5SH_1x24-2MP_P0.50mm_Horizontal,47.0,-100.4,0.0,bottom
J3,S2B-PH-SM4-TB(LF)(SN),JST_PH_S2B-PH-SM4-TB_1x02-1MP_P2.00mm_Horizontal,68.75,-44.0,90.0,bottom
L1,XRNR5020-47uH/M 47uH,IND-SMD_L5.0-W5.0_XRNR5020,68.0,-58.0,0.0,bottom
Q1,SI2301CDS-T1-GE3,SOT-23-3_L3.0-W1.7-P0.95-LS2.9-BR,29.0,-87.0,90.0,bottom
Q2,SI2301CDS-T1-GE3,SOT-23-3_L3.0-W1.7-P0.95-LS2.9-BR,67.0,-50.5,90.0,bottom
Q3,SI1308EDL-T1-GE3,SOT-323_SC-70,67.0,-63.0,90.0,bottom
R1,10k,R_0402_1005Metric,57.5,-31.2,90.0,bottom
R2,10k,R_0402_1005Metric,34.0,-44.0,90.0,bottom
R3,1M,R_0402_1005Metric,34.0,-31.2,90.0,bottom
R4,300k,R_0402_1005Metric,34.0,-33.7,90.0,bottom
R5,5.1k,R_0402_1005Metric,32.5,-96.5,90.0,bottom
R6,5.1k,R_0402_1005Metric,34.5,-96.5,90.0,bottom
R7,2.2k,R_0402_1005Metric,31.5,-89.5,0.0,bottom
R8,10k,R_0402_1005Metric,31.5,-91.5,0.0,bottom
R9,100,R_0402_1005Metric,64.5,-92.0,90.0,bottom
R10,1k,R_0402_1005Metric,71.0,-92.0,90.0,bottom
R11,10k,R_0402_1005Metric,32.0,-88.5,0.0,bottom
R12,10k,R_0402_1005Metric,70.5,-50.5,90.0,bottom
R13,4.7k,R_0402_1005Metric,32.5,-50.5,0.0,bottom
R14,4.7k,R_0402_1005Metric,32.5,-52.5,0.0,bottom
R15,1M,R_0402_1005Metric,70.5,-62.0,90.0,bottom
R16,2.2,R_1206_3216Metric,70.5,-64.4,0.0,bottom
R17,10k,R_0402_1005Metric,33.0,-29.0,90.0,bottom
U1,ESP32-S3-WROOM-1-N16R8,WIRELM-SMD_ESP32-S3-WROOM-1,47.0,-36.9,180.0,bottom
U2,ST25DV04KC-IE8S3,SO-8_L4.9-W3.9-P1.27-LS6.0-BL,32.9,-23.8,90.0,bottom
U3,LSM6DSOTR,LGA-14_L3.0-W2.5-P0.50-TL,31.6,-63.0,90.0,bottom
U4,SHT40-BD1B-R2,DFN-4_L1.5-W1.5-P0.80-TL-EP,31.0,-71.0,90.0,bottom
U5,MAX17048G+T10,TDFN-8_L2.0-W2.0-P0.50-BL-EP1.2,32.0,-76.0,90.0,bottom
U6,TP4056_C382139,ESOP-8_L4.9-W3.9-P1.27-LS6.0-BL-EP,26.0,-91.5,90.0,bottom
U7,DW01A_C18164398,SOT-23-6_L2.9-W1.6-P0.95-LS2.8-BR,68.0,-93.5,90.0,bottom
U8,8205A,TSSOP-8_L4.4-W3.0-P0.65-LS6.4-BL-2,68.0,-99.0,90.0,bottom
U9,ME6211C33M5G-N,SOT-23-5_L3.0-W1.7-P0.95-LS2.8-BL,31.7,-81.0,90.0,bottom
U10,USBLC6-2SC6,SOT-23-6_L2.9-W1.6-P0.95-LS2.8-BL,34.5,-101.0,90.0,bottom
C15,100nF,C_0402_1005Metric,28.0,-84.0,90.0,top
C16,100nF,C_0402_1005Metric,66.2,-58.5,90.0,top
C17,100nF,C_0402_1005Metric,66.2,-69.5,90.0,top
C18,100nF,C_0402_1005Metric,66.2,-80.5,90.0,top
C19,100nF,C_0402_1005Metric,66.2,-91.5,90.0,top
D1,WS2812B-MINI,LED-SMD_4P-L3.5-W3.5-TL_WS2812B,24.7,-84.0,0.0,top
SW1,TS-1187A-B-A-B,SW-SMD_4P-L5.1-W5.1-P3.70-LS6.5-TL_H1.5,69.5,-58.5,0.0,top
SW2,TS-1187A-B-A-B,SW-SMD_4P-L5.1-W5.1-P3.70-LS6.5-TL_H1.5,69.5,-69.5,0.0,top
SW3,TS-1187A-B-A-B,SW-SMD_4P-L5.1-W5.1-P3.70-LS6.5-TL_H1.5,69.5,-80.5,0.0,top
SW4,TS-1187A-B-A-B,SW-SMD_4P-L5.1-W5.1-P3.70-LS6.5-TL_H1.5,69.5,-91.5,0.0,top
